,Epoch,Accuracy,F1,Recall,Precision,Test Loss,AUC-ROC,Confusion Matrix
0,1,15.384615384615385,0.044378698224852076,0.15384615384615385,0.02592912705272256,2.2226972579956055,51.21634922618659,"[[ 0  0  0  0  0  0 20  0  0]
 [ 0  0  0  0  0  0  2  0  0]
 [ 0  0  0  0  0  0 12  0  0]
 [ 0  0  0  0  0  0  4  0  0]
 [ 0  0  0  0  0  0 13  0  0]
 [ 0  0  0  0  0  0 13  0  0]
 [ 0  0  1  0  0  0 14  0  0]
 [ 0  0  1  0  0  0  9  0  0]
 [ 0  0  0  0  0  0  2  0  0]]"
1,2,21.978021978021978,0.07920007920007921,0.21978021978021978,0.04830334500664171,1.9437657992045085,64.66572904239246,"[[20  0  0  0  0  0  0  0  0]
 [ 2  0  0  0  0  0  0  0  0]
 [12  0  0  0  0  0  0  0  0]
 [ 4  0  0  0  0  0  0  0  0]
 [13  0  0  0  0  0  0  0  0]
 [13  0  0  0  0  0  0  0  0]
 [15  0  0  0  0  0  0  0  0]
 [10  0  0  0  0  0  0  0  0]
 [ 2  0  0  0  0  0  0  0  0]]"
2,3,36.26373626373626,0.23791141538999558,0.3626373626373626,0.17702516063171803,1.7567004362742107,69.60199690608475,"[[19  0  0  0  0  0  1  0  0]
 [ 0  0  0  0  0  0  2  0  0]
 [ 1  0  0  0  0  0 11  0  0]
 [ 0  0  0  0  0  0  4  0  0]
 [ 2  0  0  0  0  0 11  0  0]
 [ 7  0  0  0  0  0  6  0  0]
 [ 1  0  0  0  0  0 14  0  0]
 [ 0  0  0  0  0  0 10  0  0]
 [ 0  0  0  0  0  0  2  0  0]]"
3,4,32.967032967032964,0.22619716050372987,0.32967032967032966,0.1721611721611722,1.7212125857671101,67.86934762961218,"[[19  0  1  0  0  0  0  0  0]
 [ 0  0  2  0  0  0  0  0  0]
 [ 1  0 11  0  0  0  0  0  0]
 [ 0  0  4  0  0  0  0  0  0]
 [ 1  0 12  0  0  0  0  0  0]
 [ 6  0  7  0  0  0  0  0  0]
 [ 1  0 14  0  0  0  0  0  0]
 [ 0  0 10  0  0  0  0  0  0]
 [ 0  0  2  0  0  0  0  0  0]]"
4,5,35.16483516483517,0.27437393692038664,0.3516483516483517,0.22494292729771537,1.709059755007426,70.6855066865353,"[[19  0  0  0  0  1  0  0  0]
 [ 0  0  0  0  2  0  0  0  0]
 [ 1  0  0  0 10  1  0  0  0]
 [ 0  0  0  0  3  1  0  0  0]
 [ 1  0  0  0  9  3  0  0  0]
 [ 4  0  0  0  5  4  0  0  0]
 [ 1  0  0  0 12  2  0  0  0]
 [ 0  0  1  0  6  3  0  0  0]
 [ 0  0  0  0  2  0  0  0  0]]"
5,6,36.26373626373626,0.2971247784828717,0.3626373626373626,0.25166077177074014,1.8192700544993083,66.93511887955151,"[[19  0  0  0  0  0  1  0  0]
 [ 0  0  0  0  0  0  2  0  0]
 [ 0  0  2  0  0  0 10  0  0]
 [ 0  0  0  0  0  0  4  0  0]
 [ 1  0  0  0  0  0 12  0  0]
 [ 2  0  1  0  0  0 10  0  0]
 [ 1  0  2  0  0  0 12  0  0]
 [ 0  0  2  0  0  0  8  0  0]
 [ 0  0  0  0  0  0  2  0  0]]"
6,7,34.065934065934066,0.328182963533282,0.34065934065934067,0.3165881737310309,1.7023462454477947,72.24123677055287,"[[20  0  0  0  0  0  0  0  0]
 [ 0  0  0  0  2  0  0  0  0]
 [ 2  0  0  0 10  0  0  0  0]
 [ 1  0  2  0  1  0  0  0  0]
 [ 1  0  4  0  8  0  0  0  0]
 [ 4  0  2  0  4  3  0  0  0]
 [ 1  0  2  0 12  0  0  0  0]
 [ 1  0  5  0  4  0  0  0  0]
 [ 0  0  1  0  1  0  0  0  0]]"
7,8,36.26373626373626,0.32287122554262476,0.3626373626373626,0.290964590964591,1.7205207347869873,71.32278205326463,"[[16  0  4  0  0  0  0  0  0]
 [ 0  0  2  0  0  0  0  0  0]
 [ 0  0 11  0  0  1  0  0  0]
 [ 0  0  4  0  0  0  0  0  0]
 [ 0  0 11  0  0  1  1  0  0]
 [ 1  0  6  0  0  6  0  0  0]
 [ 1  0 13  0  0  1  0  0  0]
 [ 0  0  7  0  0  3  0  0  0]
 [ 0  0  2  0  0  0  0  0  0]]"
8,9,31.86813186813187,0.30429198332032337,0.31868131868131866,0.2911459455577103,1.9197643597920735,60.80813360211492,"[[15  0  0  0  5  0  0  0  0]
 [ 0  0  0  0  2  0  0  0  0]
 [ 0  0  0  0 12  0  0  0  0]
 [ 0  0  0  0  4  0  0  0  0]
 [ 0  0  0  0 13  0  0  0  0]
 [ 1  0  0  0 11  1  0  0  0]
 [ 1  0  0  0 14  0  0  0  0]
 [ 0  0  0  0  9  1  0  0  0]
 [ 0  0  0  0  2  0  0  0  0]]"
9,10,40.65934065934066,0.36971411552128997,0.4065934065934066,0.338968605027511,1.6878817876180012,69.79482200793744,"[[20  0  0  0  0  0  0  0  0]
 [ 0  0  0  0  1  0  1  0  0]
 [ 0  0  0  0  3  0  9  0  0]
 [ 0  0  0  0  3  0  1  0  0]
 [ 1  0  0  0  7  0  5  0  0]
 [ 1  0  0  0  8  1  3  0  0]
 [ 1  0  0  0  5  0  9  0  0]
 [ 0  0  0  0  6  1  3  0  0]
 [ 0  0  0  0  2  0  0  0  0]]"
10,11,40.65934065934066,0.3631488722533969,0.4065934065934066,0.32809219765741504,1.6552153428395588,73.78171827476552,"[[19  0  0  0  0  0  1  0  0]
 [ 0  0  0  0  2  0  0  0  0]
 [ 0  0  2  0  9  1  0  0  0]
 [ 0  0  1  0  2  0  1  0  0]
 [ 1  0  1  0 10  1  0  0  0]
 [ 1  0  3  0  3  6  0  0  0]
 [ 1  0  1  0 13  0  0  0  0]
 [ 0  0  1  0  5  3  1  0  0]
 [ 0  0  0  0  2  0  0  0  0]]"
11,12,39.56043956043956,0.3747469926764891,0.3956043956043956,0.3559787669957162,1.682704250017802,72.76182248221497,"[[20  0  0  0  0  0  0  0  0]
 [ 0  0  0  0  2  0  0  0  0]
 [ 0  0  1  0 11  0  0  0  0]
 [ 1  0  0  0  3  0  0  0  0]
 [ 1  0  0  0 12  0  0  0  0]
 [ 1  0  1  0  8  3  0  0  0]
 [ 1  0  1  0 13  0  0  0  0]
 [ 1  0  0  0  8  1  0  0  0]
 [ 0  0  0  0  2  0  0  0  0]]"
12,13,26.373626373626372,0.2495860574931598,0.26373626373626374,0.23687693139143332,1.865047852198283,65.51795473502736,"[[12  0  3  0  5  0  0  0  0]
 [ 0  0  0  0  2  0  0  0  0]
 [ 0  0  1  0 11  0  0  0  0]
 [ 0  0  0  0  4  0  0  0  0]
 [ 0  0  2  0 11  0  0  0  0]
 [ 1  0  6  0  6  0  0  0  0]
 [ 0  0  2  0 13  0  0  0  0]
 [ 0  0  2  0  7  1  0  0  0]
 [ 0  0  0  0  2  0  0  0  0]]"
13,14,37.362637362637365,0.3476163348490458,0.37362637362637363,0.3249919841431778,1.7933502991994221,70.24294186924577,"[[20  0  0  0  0  0  0  0  0]
 [ 0  0  0  0  2  0  0  0  0]
 [ 1  0  0  0 11  0  0  0  0]
 [ 1  0  0  0  3  0  0  0  0]
 [ 1  0  0  0 12  0  0  0  0]
 [ 2  0  2  0  7  1  1  0  0]
 [ 1  0  0  0 13  0  1  0  0]
 [ 0  0  0  0  8  1  1  0  0]
 [ 0  0  0  0  2  0  0  0  0]]"
14,15,35.16483516483517,0.2894931488561783,0.3516483516483517,0.24600994243851385,1.8812883694966633,67.8739883445863,"[[20  0  0  0  0  0  0  0  0]
 [ 0  0  0  0  2  0  0  0  0]
 [ 2  0  0  0 10  0  0  0  0]
 [ 1  0  0  0  3  0  0  0  0]
 [ 1  0  1  0 11  0  0  0  0]
 [ 3  0  2  0  7  1  0  0  0]
 [ 2  0  0  0 13  0  0  0  0]
 [ 1  0  0  0  8  1  0  0  0]
 [ 0  0  0  0  2  0  0  0  0]]"
15,16,43.956043956043956,0.38163500778721826,0.43956043956043955,0.3371988260187018,1.702597181002299,74.20005077038633,"[[18  0  2  0  0  0  0  0  0]
 [ 0  0  0  0  2  0  0  0  0]
 [ 0  0  9  0  2  1  0  0  0]
 [ 0  0  2  0  2  0  0  0  0]
 [ 1  0  3  0  7  2  0  0  0]
 [ 1  0  6  0  0  6  0  0  0]
 [ 1  0  8  0  5  1  0  0  0]
 [ 0  0  3  0  5  2  0  0  0]
 [ 0  0  2  0  0  0  0  0  0]]"
16,17,35.16483516483517,0.32592735582796734,0.3516483516483517,0.30371257814866837,1.7384695212046306,72.23765999804903,"[[18  0  2  0  0  0  0  0  0]
 [ 0  0  0  0  2  0  0  0  0]
 [ 0  0  1  0 11  0  0  0  0]
 [ 0  0  0  0  4  0  0  0  0]
 [ 1  0  0  0 10  2  0  0  0]
 [ 1  0  2  0  7  3  0  0  0]
 [ 1  0  1  0 13  0  0  0  0]
 [ 0  0  1  0  8  1  0  0  0]
 [ 0  0  0  0  2  0  0  0  0]]"
17,18,39.56043956043956,0.43603614773272104,0.3956043956043956,0.4856731503790328,1.6822822093963623,71.06220882280019,"[[19  0  1  0  0  0  0  0  0]
 [ 0  0  0  0  2  0  0  0  0]
 [ 0  0  4  0  8  0  0  0  0]
 [ 0  0  2  0  2  0  0  0  0]
 [ 1  0  1  0  9  2  0  0  0]
 [ 1  0  6  0  3  3  0  0  0]
 [ 1  0  0  0 13  0  1  0  0]
 [ 0  0  3  0  6  1  0  0  0]
 [ 0  0  0  0  2  0  0  0  0]]"
18,19,35.16483516483517,0.3366388685221342,0.3516483516483517,0.32285823999739943,1.71524182955424,70.30718713615116,"[[17  0  1  0  0  0  2  0  0]
 [ 0  0  2  0  0  0  0  0  0]
 [ 0  0 11  0  0  1  0  0  0]
 [ 0  0  4  0  0  0  0  0  0]
 [ 0  0 10  0  0  2  1  0  0]
 [ 1  0  9  0  0  3  0  0  0]
 [ 1  0 13  0  0  0  1  0  0]
 [ 0  0  9  0  0  1  0  0  0]
 [ 0  0  2  0  0  0  0  0  0]]"
19,20,35.16483516483517,0.3250943731083408,0.3516483516483517,0.30226915941201654,1.6838364203770955,71.71543396137821,"[[18  0  1  0  0  0  1  0  0]
 [ 0  0  0  0  2  0  0  0  0]
 [ 0  0  0  0 11  0  1  0  0]
 [ 0  0  0  0  3  0  1  0  0]
 [ 1  0  0  0 10  2  0  0  0]
 [ 1  0  0  0  5  3  4  0  0]
 [ 1  0  0  0 13  0  1  0  0]
 [ 0  0  0  0  6  1  3  0  0]
 [ 0  0  0  0  2  0  0  0  0]]"
20,21,34.065934065934066,0.2611445625218242,0.34065934065934067,0.2117249266570534,1.7792908747990925,71.92362313851154,"[[20  0  0  0  0  0  0  0  0]
 [ 0  0  0  0  2  0  0  0  0]
 [ 0  0  1  0 10  0  1  0  0]
 [ 1  0  0  0  3  0  0  0  0]
 [ 1  0  2  0 10  0  0  0  0]
 [ 2  0  5  0  5  0  1  0  0]
 [ 1  0  0  0 13  0  0  0  1]
 [ 1  0  1  0  6  1  1  0  0]
 [ 0  0  0  0  2  0  0  0  0]]"
21,22,31.86813186813187,0.3217521986472675,0.31868131868131866,0.32488283775048477,1.6781142552693684,74.8246765714457,"[[14  0  1  0  0  0  5  0  0]
 [ 0  0  0  0  2  0  0  0  0]
 [ 0  0  3  0  7  0  2  0  0]
 [ 0  0  1  0  1  0  2  0  0]
 [ 1  0  1  0  7  2  2  0  0]
 [ 1  0  4  0  1  3  4  0  0]
 [ 1  0  3  0  9  0  2  0  0]
 [ 0  0  2  0  5  1  2  0  0]
 [ 0  0  1  0  0  0  1  0  0]]"
22,23,34.065934065934066,0.3362713315587963,0.34065934065934067,0.33199492814877435,1.834950844446818,74.676084081138,"[[12  0  6  0  1  0  1  0  0]
 [ 0  0  0  0  2  0  0  0  0]
 [ 0  0  7  0  4  1  0  0  0]
 [ 0  0  4  0  0  0  0  0  0]
 [ 0  0  6  0  5  2  0  0  0]
 [ 1  0  5  0  0  7  0  0  0]
 [ 0  0  8  0  6  0  0  0  1]
 [ 0  0  4  0  2  4  0  0  0]
 [ 0  0  2  0  0  0  0  0  0]]"
23,24,36.26373626373626,0.3233381679983622,0.3626373626373626,0.2917239010989011,2.2354356050491333,70.67914316906574,"[[17  0  0  0  0  0  3  0  0]
 [ 0  0  0  0  0  0  2  0  0]
 [ 0  0  0  0  0  0 12  0  0]
 [ 0  0  0  0  0  0  4  0  0]
 [ 1  0  0  0  0  2 10  0  0]
 [ 1  0  0  0  0  3  9  0  0]
 [ 1  0  0  0  0  0 13  0  1]
 [ 0  0  0  0  0  1  9  0  0]
 [ 0  0  0  0  0  0  2  0  0]]"
24,25,39.56043956043956,0.3933334791594026,0.3956043956043956,0.39108848571764177,1.7438144286473591,74.47225560664486,"[[15  0  2  0  1  0  2  0  0]
 [ 0  0  1  0  1  0  0  0  0]
 [ 0  0  6  0  0  6  0  0  0]
 [ 0  0  3  0  0  1  0  0  0]
 [ 0  0  5  0  5  3  0  0  0]
 [ 1  0  3  0  0  9  0  0  0]
 [ 1  0 11  0  2  0  1  0  0]
 [ 0  0  4  0  2  4  0  0  0]
 [ 0  0  2  0  0  0  0  0  0]]"
25,26,41.75824175824176,0.3911800408893432,0.4175824175824176,0.36791779648922507,1.6775132417678833,75.4456545604316,"[[18  0  2  0  0  0  0  0  0]
 [ 0  0  0  0  2  0  0  0  0]
 [ 0  0  6  0  6  0  0  0  0]
 [ 0  0  1  0  2  0  1  0  0]
 [ 0  0  1  0  8  3  1  0  0]
 [ 1  0  6  0  0  5  1  0  0]
 [ 1  0  3  0 10  0  1  0  0]
 [ 0  0  1  0  5  3  1  0  0]
 [ 0  0  0  0  2  0  0  0  0]]"
26,27,39.56043956043956,0.3962442047042206,0.3956043956043956,0.39688608667689657,1.7659672896067302,74.87560828492481,"[[13  0  3  0  0  0  4  0  0]
 [ 0  0  1  0  1  0  0  0  0]
 [ 0  0 11  0  0  1  0  0  0]
 [ 0  0  3  0  0  1  0  0  0]
 [ 0  0  7  0  2  3  1  0  0]
 [ 1  0  4  0  0  8  0  0  0]
 [ 0  0 11  0  2  0  2  0  0]
 [ 0  0  5  0  1  4  0  0  0]
 [ 0  0  2  0  0  0  0  0  0]]"
27,28,41.75824175824176,0.41805258870400563,0.4175824175824176,0.418523819784324,1.7300647894541423,73.84092733888143,"[[18  0  0  0  0  0  2  0  0]
 [ 0  0  0  0  0  0  2  0  0]
 [ 0  0  1  0  0  3  5  3  0]
 [ 0  0  0  0  0  3  1  0  0]
 [ 1  0  0  0  5  5  1  1  0]
 [ 1  0  0  0  0 10  1  1  0]
 [ 1  0  0  0  3  6  3  2  0]
 [ 0  0  1  0  1  5  2  1  0]
 [ 0  0  0  0  0  2  0  0  0]]"
28,29,37.362637362637365,0.3371290183163575,0.37362637362637363,0.30712754144809895,1.7315327723821003,73.9157023229892,"[[14  0  2  0  0  1  3  0  0]
 [ 0  0  1  0  1  0  0  0  0]
 [ 0  0  8  0  0  4  0  0  0]
 [ 0  0  2  0  0  2  0  0  0]
 [ 0  0  9  0  0  3  1  0  0]
 [ 1  0  1  0  0 11  0  0  0]
 [ 1  0 11  0  0  2  1  0  0]
 [ 0  0  5  0  0  5  0  0  0]
 [ 0  0  2  0  0  0  0  0  0]]"
29,30,43.956043956043956,0.41957118849733194,0.43956043956043955,0.4013209013209013,1.7014220555623372,74.55626927993862,"[[16  0  2  0  0  0  2  0  0]
 [ 0  0  0  0  2  0  0  0  0]
 [ 0  0  8  0  3  1  0  0  0]
 [ 0  0  3  0  0  1  0  0  0]
 [ 0  0  3  0  7  3  0  0  0]
 [ 1  0  3  0  1  8  0  0  0]
 [ 1  0  7  0  6  0  1  0  0]
 [ 0  0  5  0  2  3  0  0  0]
 [ 0  0  2  0  0  0  0  0  0]]"
30,31,36.26373626373626,0.3439038963969484,0.3626373626373626,0.327010858059284,1.9286998907725017,73.42738480679176,"[[15  0  2  0  0  0  2  1  0]
 [ 0  0  1  0  1  0  0  0  0]
 [ 0  0  2  0  0 10  0  0  0]
 [ 0  0  0  0  0  4  0  0  0]
 [ 0  0  2  0  5  5  1  0  0]
 [ 1  0  1  0  0 11  0  0  0]
 [ 1  0  4  0  2  7  0  0  1]
 [ 0  0  1  0  1  8  0  0  0]
 [ 0  0  0  0  0  2  0  0  0]]"
31,32,30.76923076923077,0.3398147831732905,0.3076923076923077,0.3794261294261294,1.9848686854044597,71.5385015173494,"[[9 0 6 0 2 0 3 0 0]
 [0 0 0 0 2 0 0 0 0]
 [0 0 5 0 6 1 0 0 0]
 [0 0 1 0 3 0 0 0 0]
 [0 0 2 0 9 2 0 0 0]
 [0 0 8 0 1 4 0 0 0]
 [0 0 5 0 9 0 1 0 0]
 [0 0 3 0 5 2 0 0 0]
 [0 0 0 0 2 0 0 0 0]]"
32,33,35.16483516483517,0.2928833386285427,0.3516483516483517,0.2509468553424597,1.7333732843399048,74.55371317133796,"[[19  0  1  0  0  0  0  0  0]
 [ 0  0  0  0  2  0  0  0  0]
 [ 0  0  5  0  6  0  1  0  0]
 [ 1  0  1  0  2  0  0  0  0]
 [ 1  0  4  0  6  0  2  0  0]
 [ 3  0  7  0  1  0  2  0  0]
 [ 2  0  1  0 10  0  2  0  0]
 [ 0  0  2  0  5  1  2  0  0]
 [ 0  0  0  0  1  0  1  0  0]]"
33,34,38.46153846153846,0.35919404819097744,0.38461538461538464,0.33692484089278174,1.7373850345611572,74.99497488110265,"[[16  0  3  0  0  0  1  0  0]
 [ 0  0  0  0  2  0  0  0  0]
 [ 0  0  5  0  6  1  0  0  0]
 [ 0  0  0  0  2  1  1  0  0]
 [ 1  0  2  0  7  3  0  0  0]
 [ 1  0  5  0  0  6  1  0  0]
 [ 1  0  6  0  7  0  1  0  0]
 [ 0  0  2  0  4  3  1  0  0]
 [ 0  0  0  0  1  0  1  0  0]]"
34,35,31.86813186813187,0.2936767133104329,0.31868131868131866,0.27231048964795096,1.75433615843455,72.85693222550358,"[[16  0  1  0  0  0  3  0  0]
 [ 0  0  0  0  2  0  0  0  0]
 [ 0  0  4  0  7  0  1  0  0]
 [ 0  0  1  0  2  0  1  0  0]
 [ 0  0  2  0  7  0  4  0  0]
 [ 1  0  7  0  1  0  4  0  0]
 [ 1  0  0  0 11  0  2  0  1]
 [ 0  0  2  0  4  1  3  0  0]
 [ 0  0  0  0  1  0  1  0  0]]"
35,36,36.26373626373626,0.30339696942201005,0.3626373626373626,0.2607937377522631,1.969599763552348,72.8098223531565,"[[20  0  0  0  0  0  0  0  0]
 [ 0  0  0  0  2  0  0  0  0]
 [ 1  0  0  0  7  0  3  1  0]
 [ 1  0  0  0  1  0  2  0  0]
 [ 2  0  0  0  7  2  2  0  0]
 [ 2  0  0  0  2  3  5  1  0]
 [ 2  0  0  0 10  0  3  0  0]
 [ 2  0  0  0  3  2  3  0  0]
 [ 1  0  0  0  1  0  0  0  0]]"
36,37,35.16483516483517,0.3576829895946588,0.3516483516483517,0.36392836486821445,1.835160255432129,73.60875332922556,"[[11  0  4  0  0  0  5  0  0]
 [ 0  0  1  0  1  0  0  0  0]
 [ 0  0  6  0  4  2  0  0  0]
 [ 0  0  1  0  1  1  1  0  0]
 [ 0  0  4  0  5  3  1  0  0]
 [ 0  0  4  0  0  9  0  0  0]
 [ 0  0  7  0  6  1  1  0  0]
 [ 0  0  3  0  2  5  0  0  0]
 [ 0  0  2  0  0  0  0  0  0]]"
37,38,42.857142857142854,0.39440748675160675,0.42857142857142855,0.36528822055137844,1.8085546096165974,76.1359331815491,"[[19  0  1  0  0  0  0  0  0]
 [ 0  0  0  0  2  0  0  0  0]
 [ 0  0  5  0  6  1  0  0  0]
 [ 1  0  0  0  2  1  0  0  0]
 [ 1  0  2  0  8  2  0  0  0]
 [ 2  0  5  0  0  6  0  0  0]
 [ 1  0  4  0  9  0  1  0  0]
 [ 0  0  2  0  4  3  1  0  0]
 [ 0  0  0  0  1  0  1  0  0]]"
38,39,42.857142857142854,0.3904447313916845,0.42857142857142855,0.3585475215727316,1.8111562728881836,75.60514020791966,"[[18  0  0  0  0  0  2  0  0]
 [ 0  0  0  0  2  0  0  0  0]
 [ 0  0  5  0  4  3  0  0  0]
 [ 0  0  0  0  1  1  2  0  0]
 [ 1  0  1  0  6  3  2  0  0]
 [ 1  0  3  0  0  7  2  0  0]
 [ 1  0  5  0  5  1  3  0  0]
 [ 0  0  2  0  2  3  3  0  0]
 [ 0  0  1  0  0  0  1  0  0]]"
39,40,40.65934065934066,0.3880146117554008,0.4065934065934066,0.3710594960594961,2.022177219390869,73.55067334032864,"[[16  0  1  0  0  0  3  0  0]
 [ 0  0  0  0  1  1  0  0  0]
 [ 0  0  4  0  1  6  1  0  0]
 [ 0  0  0  0  0  1  3  0  0]
 [ 0  0  2  0  4  4  3  0  0]
 [ 1  0  0  0  0 11  1  0  0]
 [ 1  0  3  0  2  6  2  0  1]
 [ 0  0  1  0  1  5  3  0  0]
 [ 0  0  0  0  0  2  0  0  0]]"
40,41,34.065934065934066,0.3586316553073757,0.34065934065934067,0.3786059351276742,2.1299009323120117,72.97249358220078,"[[10  0  4  0  0  0  6  0  0]
 [ 0  0  1  0  1  0  0  0  0]
 [ 0  0 10  0  1  1  0  0  0]
 [ 0  0  2  0  0  1  1  0  0]
 [ 0  0  6  0  4  2  1  0  0]
 [ 0  0  5  0  0  7  1  0  0]
 [ 0  0 12  0  2  0  0  0  1]
 [ 0  0  4  0  1  4  1  0  0]
 [ 0  0  2  0  0  0  0  0  0]]"
41,42,38.46153846153846,0.33490506408034837,0.38461538461538464,0.2965738350353735,1.95969557762146,72.56849752070848,"[[20  0  0  0  0  0  0  0  0]
 [ 0  0  1  0  1  0  0  0  0]
 [ 0  0  7  0  5  0  0  0  0]
 [ 1  0  2  0  0  1  0  0  0]
 [ 1  0  4  0  7  1  0  0  0]
 [ 2  0 10  0  0  0  1  0  0]
 [ 1  0  8  0  5  0  1  0  0]
 [ 0  0  4  0  3  2  1  0  0]
 [ 1  0  1  0  0  0  0  0  0]]"
42,43,37.362637362637365,0.3779133487871352,0.37362637362637363,0.38229984301412867,2.19725493590037,72.3870778650103,"[[11  0  3  0  0  0  5  1  0]
 [ 0  0  0  0  1  0  1  0  0]
 [ 0  0  1  0  5  5  1  0  0]
 [ 0  0  0  0  2  1  1  0  0]
 [ 0  0  1  0  9  3  0  0  0]
 [ 1  0  0  0  0 10  2  0  0]
 [ 0  0  2  0  7  2  2  1  1]
 [ 0  0  0  0  2  4  3  1  0]
 [ 0  0  0  0  1  0  1  0  0]]"
43,44,40.65934065934066,0.35996375048978063,0.4065934065934066,0.3229290378358701,1.9266966978708904,77.13814543615996,"[[20  0  0  0  0  0  0  0  0]
 [ 0  0  1  0  1  0  0  0  0]
 [ 0  0  4  0  4  4  0  0  0]
 [ 0  0  2  0  0  0  2  0  0]
 [ 1  0  2  0  5  3  2  0  0]
 [ 1  0  1  0  0  8  3  0  0]
 [ 1  0  6  0  3  4  0  0  1]
 [ 0  0  3  0  1  2  4  0  0]
 [ 0  0  1  0  0  0  1  0  0]]"
44,45,36.26373626373626,0.33369594964021854,0.3626373626373626,0.30903263054596297,1.8478896220525105,75.39619643799958,"[[17  0  1  0  0  0  2  0  0]
 [ 0  0  0  0  2  0  0  0  0]
 [ 0  0  5  0  6  1  0  0  0]
 [ 0  0  0  0  2  1  1  0  0]
 [ 0  0  3  0  8  1  1  0  0]
 [ 1  0  8  0  0  3  1  0  0]
 [ 1  0  7  0  6  0  0  0  1]
 [ 0  0  2  0  4  3  1  0  0]
 [ 0  0  0  0  1  0  1  0  0]]"
45,46,39.56043956043956,0.3824133134589593,0.3956043956043956,0.37007353548706934,1.996772011121114,75.10851762594041,"[[13  0  3  0  0  0  4  0  0]
 [ 0  0  1  0  1  0  0  0  0]
 [ 0  0  8  0  3  1  0  0  0]
 [ 0  0  0  0  2  1  1  0  0]
 [ 0  0  4  0  6  2  1  0  0]
 [ 1  0  3  0  0  8  1  0  0]
 [ 0  0  8  0  5  1  1  0  0]
 [ 0  0  4  0  2  3  1  0  0]
 [ 0  0  1  0  0  0  1  0  0]]"
46,47,42.857142857142854,0.3748086666496932,0.42857142857142855,0.33303109933544717,2.1666982968648276,75.75455980624129,"[[19  0  1  0  0  0  0  0  0]
 [ 0  0  1  0  1  0  0  0  0]
 [ 0  0  9  0  2  1  0  0  0]
 [ 0  0  1  0  1  1  0  1  0]
 [ 1  0  5  0  6  1  0  0  0]
 [ 2  0  6  0  0  5  0  0  0]
 [ 1  0  8  0  4  1  0  0  1]
 [ 0  0  4  0  2  2  2  0  0]
 [ 0  0  1  0  0  0  1  0  0]]"
47,48,32.967032967032964,0.34051989683088935,0.32967032967032966,0.35210789210789206,2.5399533907572427,68.13409488941026,"[[10  0  8  0  1  0  1  0  0]
 [ 0  0  2  0  0  0  0  0  0]
 [ 0  0  9  0  0  3  0  0  0]
 [ 0  0  2  0  0  2  0  0  0]
 [ 0  0  8  0  1  3  1  0  0]
 [ 1  0  2  0  0 10  0  0  0]
 [ 0  0 12  0  0  2  0  0  1]
 [ 0  0  5  0  0  5  0  0  0]
 [ 0  0  2  0  0  0  0  0  0]]"
48,49,41.75824175824176,0.40484155975073627,0.4175824175824176,0.3928551554546249,2.0815966526667276,72.71388799410865,"[[20  0  0  0  0  0  0  0  0]
 [ 0  0  0  0  2  0  0  0  0]
 [ 1  0  3  0  6  0  0  2  0]
 [ 1  0  0  0  2  0  1  0  0]
 [ 1  0  1  0  7  1  2  1  0]
 [ 2  0  4  0  1  2  3  1  0]
 [ 1  0  0  0  8  0  2  3  1]
 [ 0  0  1  0  2  1  3  3  0]
 [ 0  0  0  0  1  0  0  0  1]]"
49,50,30.76923076923077,0.3181045160896746,0.3076923076923077,0.3292460977882973,2.079524874687195,73.70273904350285,"[[15  0  1  0  0  0  4  0  0]
 [ 0  0  0  0  2  0  0  0  0]
 [ 0  0  0  0  7  0  3  2  0]
 [ 0  0  0  0  2  0  2  0  0]
 [ 0  0  1  0  9  1  2  0  0]
 [ 1  0  1  0  2  2  6  1  0]
 [ 1  0  1  0 10  0  1  1  1]
 [ 0  0  0  0  4  1  4  1  0]
 [ 0  0  0  0  1  0  1  0  0]]"
50,51,43.956043956043956,0.42173743230612887,0.43956043956043955,0.40530345471521945,2.043062130610148,74.8163814365504,"[[18  0  0  0  0  0  2  0  0]
 [ 0  0  0  0  1  0  1  0  0]
 [ 0  0  2  0  5  3  1  1  0]
 [ 0  0  0  0  2  1  1  0  0]
 [ 0  0  1  0  9  3  0  0  0]
 [ 1  0  0  0  0  7  5  0  0]
 [ 1  0  2  0  5  1  3  2  1]
 [ 0  0  1  0  2  3  3  1  0]
 [ 0  0  0  0  1  0  1  0  0]]"
51,52,41.75824175824176,0.36521825927145074,0.4175824175824176,0.32452353411000023,2.4064318339029946,74.50748574692828,"[[17  0  1  0  0  0  2  0  0]
 [ 0  0  0  0  0  1  1  0  0]
 [ 0  0  8  0  1  2  1  0  0]
 [ 0  0  2  0  0  1  1  0  0]
 [ 1  0  5  0  0  3  4  0  0]
 [ 1  0  2  0  0  9  1  0  0]
 [ 0  0  6  0  0  4  4  0  1]
 [ 0  0  3  0  0  4  3  0  0]
 [ 0  0  1  0  0  0  1  0  0]]"
52,53,40.65934065934066,0.38066481695439885,0.4065934065934066,0.35784493284493285,2.0165472428003945,76.8742274282931,"[[18  0  2  0  0  0  0  0  0]
 [ 0  0  0  0  1  0  0  1  0]
 [ 0  0  7  0  2  2  0  1  0]
 [ 0  0  2  0  0  1  1  0  0]
 [ 1  0  7  0  3  2  0  0  0]
 [ 1  0  2  0  0  8  1  1  0]
 [ 0  0  7  1  1  1  0  5  0]
 [ 0  0  2  0  1  4  2  1  0]
 [ 0  0  1  0  0  0  1  0  0]]"
53,54,36.26373626373626,0.35854575846218134,0.3626373626373626,0.35454545454545455,1.88473645846049,72.77039397171716,"[[15  0  2  0  1  0  2  0  0]
 [ 0  0  0  0  2  0  0  0  0]
 [ 0  0  3  0  8  1  0  0  0]
 [ 0  0  0  0  2  0  2  0  0]
 [ 0  0  2  0 10  1  0  0  0]
 [ 1  0  5  0  1  4  2  0  0]
 [ 0  0  2  1 11  0  1  0  0]
 [ 0  0  1  0  4  2  3  0  0]
 [ 0  0  0  0  1  0  1  0  0]]"
54,55,31.86813186813187,0.31197108035216414,0.31868131868131866,0.3055375996552467,2.0710486570994058,72.66042739460734,"[[14  0  0  0  3  0  3  0  0]
 [ 0  0  0  1  1  0  0  0  0]
 [ 0  0  1  1  6  1  2  1  0]
 [ 0  0  0  2  2  0  0  0  0]
 [ 0  0  2  0  9  1  1  0  0]
 [ 1  0  3  2  0  0  6  1  0]
 [ 1  0  0  7  3  0  0  4  0]
 [ 0  0  0  3  1  1  2  3  0]
 [ 0  0  0  1  1  0  0  0  0]]"
55,56,41.75824175824176,0.43198689268384904,0.4175824175824176,0.44742063492063494,1.9294871886571248,73.18763838418106,"[[16  0  0  0  2  0  1  1  0]
 [ 0  0  0  0  1  0  0  1  0]
 [ 0  0  2  0  5  1  1  3  0]
 [ 0  0  0  0  2  0  2  0  0]
 [ 0  0  0  0  9  3  0  1  0]
 [ 1  0  0  0  0  6  5  1  0]
 [ 1  0  1  0  2  0  3  7  1]
 [ 0  0  0  0  2  3  3  2  0]
 [ 0  0  0  0  1  0  1  0  0]]"
56,57,37.362637362637365,0.3643156542503038,0.37362637362637363,0.3554576958988724,2.382572333017985,73.3816408836806,"[[16  0  3  0  0  0  1  0  0]
 [ 0  0  0  0  0  0  2  0  0]
 [ 0  0  2  0  2  1  4  3  0]
 [ 0  0  0  0  0  0  3  0  1]
 [ 1  0  2  0  0  1  3  5  1]
 [ 1  0  1  0  0  2  5  3  1]
 [ 0  0  1  0  0  0 10  3  1]
 [ 0  0  0  0  0  1  3  3  3]
 [ 0  0  0  0  0  0  1  0  1]]"
57,58,46.15384615384615,0.4094415494491563,0.46153846153846156,0.3679127889654205,2.0793670415878296,76.80902396935959,"[[20  0  0  0  0  0  0  0  0]
 [ 0  0  0  0  1  0  0  1  0]
 [ 0  0  4  0  3  3  0  2  0]
 [ 0  0  0  0  2  0  2  0  0]
 [ 0  0  2  0  8  3  0  0  0]
 [ 1  0  2  0  0  9  1  0  0]
 [ 1  0  6  0  3  1  0  3  1]
 [ 0  0  3  0  2  3  2  0  0]
 [ 0  0  1  0  0  0  0  0  1]]"
58,59,37.362637362637365,0.29788151711844124,0.37362637362637363,0.2476713762428048,2.6628199418385825,70.90808894267268,"[[20  0  0  0  0  0  0  0  0]
 [ 0  0  0  0  1  0  1  0  0]
 [ 1  0  1  0  6  0  4  0  0]
 [ 1  0  0  0  2  0  1  0  0]
 [ 2  0  1  0  8  1  1  0  0]
 [ 4  0  2  0  1  0  5  1  0]
 [ 2  0  0  0  7  0  5  0  1]
 [ 1  0  0  0  4  1  4  0  0]
 [ 1  0  0  0  1  0  0  0  0]]"
59,60,36.26373626373626,0.3104229379814292,0.3626373626373626,0.27135222501076156,2.197948614756266,74.91450738956648,"[[19  0  0  0  1  0  0  0  0]
 [ 0  0  0  0  2  0  0  0  0]
 [ 0  0  4  0  7  1  0  0  0]
 [ 1  0  0  0  2  1  0  0  0]
 [ 0  0  3  0  9  1  0  0  0]
 [ 1  0  8  0  2  1  0  1  0]
 [ 1  0  3  0 10  0  0  0  1]
 [ 0  0  2  0  6  2  0  0  0]
 [ 0  0  0  0  2  0  0  0  0]]"
60,61,35.16483516483517,0.34080015261414426,0.3516483516483517,0.33060124760529624,2.135432402292887,71.99405694064612,"[[17  0  1  0  1  0  1  0  0]
 [ 0  0  0  0  1  0  0  1  0]
 [ 0  0  1  0  5  1  0  5  0]
 [ 0  0  0  0  2  0  2  0  0]
 [ 0  0  2  0  9  0  0  2  0]
 [ 1  0  6  0  0  1  2  3  0]
 [ 1  0  1  0  2  0  0 10  1]
 [ 0  0  0  0  2  1  3  4  0]
 [ 0  0  1  0  0  0  0  1  0]]"
61,62,34.065934065934066,0.3431591757142124,0.34065934065934067,0.3456959706959707,2.5340097745259604,70.28821250759786,"[[11  0  2  0  0  0  6  1  0]
 [ 0  0  0  0  0  0  2  0  0]
 [ 0  0  2  0  2  3  5  0  0]
 [ 0  0  0  0  0  0  4  0  0]
 [ 0  0  2  3  0  3  5  0  0]
 [ 1  0  0  0  0  7  5  0  0]
 [ 0  0  0  0  1  1 11  1  1]
 [ 0  0  0  0  0  2  8  0  0]
 [ 0  0  0  0  0  0  2  0  0]]"
62,63,39.56043956043956,0.3918685592697404,0.3956043956043956,0.3882026205912846,2.131596008936564,73.11050446788467,"[[17  0  0  0  0  0  1  2  0]
 [ 0  0  0  0  1  0  1  0  0]
 [ 0  0  4  0  6  1  0  1  0]
 [ 0  0  0  0  2  0  2  0  0]
 [ 0  0  2  0 10  0  0  1  0]
 [ 1  0  4  0  0  3  4  1  0]
 [ 1  0  2  0  9  0  2  0  1]
 [ 0  0  1  0  4  1  4  0  0]
 [ 0  0  0  0  1  0  1  0  0]]"
63,64,30.76923076923077,0.2986368175287001,0.3076923076923077,0.29009910145955026,2.2646330197652182,74.36933443640268,"[[15  0  1  0  0  0  2  2  0]
 [ 0  0  1  0  0  0  1  0  0]
 [ 0  0  5  0  2  0  0  5  0]
 [ 0  0  1  0  0  0  3  0  0]
 [ 0  0  2  0  0  0  3  8  0]
 [ 1  0  5  0  0  0  5  2  0]
 [ 0  0  0  0  1  0  4  9  1]
 [ 0  0  1  0  0  1  4  4  0]
 [ 0  0  0  0  0  0  1  1  0]]"
64,65,30.76923076923077,0.30075621234959704,0.3076923076923077,0.2941259343974276,4.361421902974446,68.29905156685612,"[[12  0  4  0  0  0  4  0  0]
 [ 0  0  0  0  0  2  0  0  0]
 [ 0  0  2  0  0 10  0  0  0]
 [ 0  0  0  0  0  3  1  0  0]
 [ 0  0  1  0  0  7  5  0  0]
 [ 1  0  0  0  0 11  1  0  0]
 [ 0  0  1  0  0 10  3  0  1]
 [ 0  0  0  0  0  7  3  0  0]
 [ 0  0  0  0  0  1  1  0  0]]"
65,66,30.76923076923077,0.2800454947554657,0.3076923076923077,0.2569573283858998,2.1654953956604004,66.92208791955463,"[[17  0  3  0  0  0  0  0  0]
 [ 0  0  2  0  0  0  0  0  0]
 [ 1  0  5  0  5  0  1  0  0]
 [ 1  0  2  0  0  1  0  0  0]
 [ 1  0  6  0  5  1  0  0  0]
 [ 1  0  8  0  0  0  4  0  0]
 [ 1  0 11  0  2  0  1  0  0]
 [ 0  0  4  0  1  2  3  0  0]
 [ 0  0  1  0  0  0  1  0  0]]"
66,67,39.56043956043956,0.34295964651957883,0.3956043956043956,0.3026806526806527,2.156638185183207,73.97274426749844,"[[18  0  1  0  0  0  0  1  0]
 [ 0  0  1  0  1  0  0  0  0]
 [ 0  0  5  0  4  1  0  2  0]
 [ 1  0  0  0  2  1  0  0  0]
 [ 1  0  3  0  8  1  0  0  0]
 [ 2  0  4  0  0  5  0  2  0]
 [ 1  0  7  0  5  1  0  1  0]
 [ 0  0  3  0  2  3  2  0  0]
 [ 1  0  1  0  0  0  0  0  0]]"
67,68,43.956043956043956,0.40616263523168505,0.43956043956043955,0.3774815827447406,2.1480292876561484,72.01199547505644,"[[20  0  0  0  0  0  0  0  0]
 [ 0  0  1  0  1  0  0  0  0]
 [ 0  0  5  0  6  1  0  0  0]
 [ 0  0  0  0  2  1  1  0  0]
 [ 0  0  3  0  9  1  0  0  0]
 [ 1  0  5  0  0  4  2  1  0]
 [ 1  0  3  0  8  0  2  0  1]
 [ 0  0  2  0  3  2  3  0  0]
 [ 0  0  0  0  1  0  1  0  0]]"
68,69,38.46153846153846,0.39247951371361756,0.38461538461538464,0.40067194710051846,2.50080672899882,74.0278838281252,"[[17  0  1  0  0  0  0  2  0]
 [ 0  0  0  0  1  0  0  1  0]
 [ 0  0  4  0  2  2  0  4  0]
 [ 0  0  2  0  0  0  1  0  1]
 [ 1  0  2  0  3  2  1  4  0]
 [ 1  0  1  0  0  4  2  5  0]
 [ 1  0  3  0  1  0  3  6  1]
 [ 0  0  0  0  1  2  4  3  0]
 [ 0  0  1  0  0  0  0  0  1]]"
69,70,35.16483516483517,0.3607008787232005,0.3516483516483517,0.37023180185873034,2.3973662853240967,72.2711589189288,"[[19  0  0  0  0  0  1  0  0]
 [ 0  0  0  0  0  0  2  0  0]
 [ 1  0  1  0  2  1  2  5  0]
 [ 0  0  0  0  0  0  4  0  0]
 [ 1  0  1  0  0  1  2  8  0]
 [ 1  0  0  0  0  3  9  0  0]
 [ 1  0  0  0  1  0  5  7  1]
 [ 0  0  0  0  0  1  6  3  0]
 [ 0  0  0  0  0  0  0  1  1]]"
70,71,42.857142857142854,0.4367751851334358,0.42857142857142855,0.4452991452991453,2.1017865737279258,70.10752485063603,"[[20  0  0  0  0  0  0  0  0]
 [ 0  0  1  0  0  0  1  0  0]
 [ 1  0  3  0  3  2  3  0  0]
 [ 0  0  2  0  0  1  1  0  0]
 [ 1  0  7  0  1  2  2  0  0]
 [ 1  0  0  0  0  7  5  0  0]
 [ 1  0  3  0  1  3  7  0  0]
 [ 0  0  1  0  0  3  5  1  0]
 [ 0  0  1  0  0  0  1  0  0]]"
71,72,37.362637362637365,0.3765039176470064,0.37362637362637363,0.3794261294261294,2.2186967531840005,68.94331122707071,"[[16  0  2  0  0  0  0  2  0]
 [ 0  0  0  0  1  0  1  0  0]
 [ 0  0  3  0  7  1  0  1  0]
 [ 0  0  0  0  2  0  1  0  1]
 [ 0  0  3  0 10  0  0  0  0]
 [ 1  0  5  0  0  2  5  0  0]
 [ 1  0  2  0  7  0  2  2  1]
 [ 0  0  1  0  2  1  5  1  0]
 [ 0  0  0  0  1  0  1  0  0]]"
72,73,35.16483516483517,0.3476929680402491,0.3516483516483517,0.3438255759684331,2.7149168650309243,67.97197066068257,"[[12  0  5  0  0  0  3  0  0]
 [ 0  0  1  0  0  1  0  0  0]
 [ 0  0  7  0  3  2  0  0  0]
 [ 0  0  2  0  0  1  1  0  0]
 [ 0  0  8  0  3  2  0  0  0]
 [ 1  0  2  0  0  9  1  0  0]
 [ 1  0  8  0  1  4  1  0  0]
 [ 0  0  3  0  1  6  0  0  0]
 [ 0  0  1  0  0  1  0  0  0]]"
73,74,35.16483516483517,0.3415070435122071,0.3516483516483517,0.3319342763939207,2.4245900313059487,68.4902113575103,"[[17  0  1  0  0  0  2  0  0]
 [ 0  0  1  0  0  0  1  0  0]
 [ 0  0  3  0  3  0  6  0  0]
 [ 0  0  2  0  0  1  1  0  0]
 [ 1  0  5  0  0  2  5  0  0]
 [ 1  0  1  0  0  1 10  0  0]
 [ 1  0  2  0  1  0 10  1  0]
 [ 0  0  1  0  0  1  7  1  0]
 [ 0  0  1  0  0  0  1  0  0]]"
74,75,36.26373626373626,0.3371458640604704,0.3626373626373626,0.3150028229915448,2.4127554893493652,72.60805624003123,"[[18  0  1  0  0  0  0  1  0]
 [ 0  0  0  0  1  0  0  1  0]
 [ 0  0  4  0  4  0  1  3  0]
 [ 0  0  0  0  2  0  1  1  0]
 [ 1  0  4  0  5  1  0  2  0]
 [ 1  0  6  0  0  0  4  2  0]
 [ 1  0  2  0  2  0  3  6  1]
 [ 0  0  1  0  1  1  4  3  0]
 [ 0  0  0  0  1  0  1  0  0]]"
75,76,36.26373626373626,0.32131884829815144,0.3626373626373626,0.2884528394156122,2.827733039855957,71.41114601614763,"[[17  0  0  0  2  0  1  0  0]
 [ 0  0  0  0  1  0  0  1  0]
 [ 0  0  4  0  8  0  0  0  0]
 [ 0  0  0  0  2  0  2  0  0]
 [ 0  0  1  0 11  0  0  1  0]
 [ 1  0  7  0  3  0  1  1  0]
 [ 1  0  2  0  9  0  0  2  1]
 [ 0  0  1  0  4  1  3  1  0]
 [ 0  0  0  0  1  0  1  0  0]]"
76,77,41.75824175824176,0.41234174823728775,0.4175824175824176,0.40723098956181664,2.2357086737950644,73.7835885729052,"[[17  0  1  0  0  0  2  0  0]
 [ 0  0  0  0  1  0  1  0  0]
 [ 0  0  4  0  3  3  0  2  0]
 [ 0  0  1  0  1  1  0  0  1]
 [ 1  0  3  0  5  3  1  0  0]
 [ 1  0  1  0  0  7  4  0  0]
 [ 0  0  4  2  1  2  2  3  1]
 [ 0  0  0  0  1  3  2  2  2]
 [ 0  0  1  0  0  0  0  0  1]]"
77,78,43.956043956043956,0.4271806489420148,0.43956043956043955,0.41547908613126006,2.544456720352173,73.04517061495316,"[[19  0  0  0  0  0  0  1  0]
 [ 0  0  0  0  1  0  0  1  0]
 [ 1  0  2  0  4  1  0  4  0]
 [ 0  0  0  0  2  1  0  1  0]
 [ 0  0  3  0  9  1  0  0  0]
 [ 1  0  4  0  0  3  1  3  1]
 [ 1  0  1  0  4  0  1  8  0]
 [ 0  0  0  0  2  2  1  5  0]
 [ 0  0  0  0  1  0  0  0  1]]"
78,79,41.75824175824176,0.41397033093035995,0.4175824175824176,0.41042019746074315,2.522406021753947,72.4046330695509,"[[12  0  4  0  0  0  3  0  1]
 [ 0  0  0  0  1  0  1  0  0]
 [ 0  0  7  0  2  2  1  0  0]
 [ 0  0  2  0  0  0  2  0  0]
 [ 0  0  9  0  2  1  1  0  0]
 [ 1  0  1  0  0  7  4  0  0]
 [ 0  0  4  0  1  0 10  0  0]
 [ 0  0  0  0  1  3  6  0  0]
 [ 0  0  1  0  0  0  1  0  0]]"
79,80,35.16483516483517,0.33393684036383997,0.3516483516483517,0.3179239307058856,3.70808482170105,72.48591905198269,"[[13  0  2  0  0  0  3  2  0]
 [ 0  0  1  0  0  1  0  0  0]
 [ 0  0  8  0  0  4  0  0  0]
 [ 0  0  2  0  0  1  1  0  0]
 [ 0  0 11  0  0  2  0  0  0]
 [ 1  0  2  0  0  9  1  0  0]
 [ 0  0  7  0  0  4  2  1  1]
 [ 0  0  4  0  0  5  1  0  0]
 [ 0  0  1  0  0  0  1  0  0]]"
80,81,30.76923076923077,0.3099855970243173,0.3076923076923077,0.3123133276979431,6.722098668416341,66.69288725893678,"[[14  0  1  0  0  0  2  3  0]
 [ 0  0  0  0  0  2  0  0  0]
 [ 0  0  2  0  0 10  0  0  0]
 [ 0  0  0  0  0  3  1  0  0]
 [ 0  0  0  0  0  9  4  0  0]
 [ 1  0  0  0  0 11  1  0  0]
 [ 0  0  0  0  0 13  1  1  0]
 [ 0  0  1  0  0  6  3  0  0]
 [ 0  0  0  0  0  1  1  0  0]]"
81,82,32.967032967032964,0.28928155579326276,0.32967032967032966,0.2577089577089577,1.9734524885813396,71.77124910817541,"[[14  0  3  0  0  0  3  0  0]
 [ 0  0  1  0  0  0  1  0  0]
 [ 0  0 12  0  0  0  0  0  0]
 [ 0  0  2  0  0  0  2  0  0]
 [ 0  0 13  0  0  0  0  0  0]
 [ 1  0  9  0  0  0  2  1  0]
 [ 1  0 10  0  0  0  4  0  0]
 [ 0  0  4  0  0  1  5  0  0]
 [ 0  0  1  0  0  0  1  0  0]]"
82,83,37.362637362637365,0.32196289917475607,0.37362637362637363,0.2828514035887308,2.342246174812317,70.192386517965,"[[20  0  0  0  0  0  0  0  0]
 [ 1  0  0  0  0  0  1  0  0]
 [ 1  0  1  0  5  0  3  2  0]
 [ 0  0  1  0  0  0  2  1  0]
 [ 2  0  2  0  4  0  5  0  0]
 [ 2  0  3  0  0  0  6  2  0]
 [ 1  0  2  0  1  0  7  4  0]
 [ 1  0  0  0  0  0  7  2  0]
 [ 0  0  1  0  0  0  0  1  0]]"
83,84,38.46153846153846,0.3650350791500667,0.38461538461538464,0.347351816980973,2.1048929691314697,70.7055251143111,"[[15  0  3  0  0  0  2  0  0]
 [ 0  0  0  0  1  0  1  0  0]
 [ 0  0  4  0  7  1  0  0  0]
 [ 0  0  0  0  2  0  2  0  0]
 [ 0  0  3  0  9  1  0  0  0]
 [ 1  0  4  0  0  7  0  1  0]
 [ 1  0  6  0  3  2  0  2  1]
 [ 0  0  3  0  1  2  4  0  0]
 [ 0  0  0  0  1  0  1  0  0]]"
84,85,32.967032967032964,0.325897238533004,0.32967032967032966,0.3222095364952508,2.372954249382019,70.77424765063608,"[[18  0  1  0  0  0  0  1  0]
 [ 0  0  0  0  1  0  0  1  0]
 [ 1  0  1  0  5  2  0  3  0]
 [ 0  0  1  0  0  0  3  0  0]
 [ 1  0  1  0  1  1  4  5  0]
 [ 1  0  2  0  0  4  4  2  0]
 [ 1  0  2  0  1  0  4  7  0]
 [ 0  0  0  0  1  1  6  2  0]
 [ 0  0  1  0  0  0  1  0  0]]"
85,86,37.362637362637365,0.3614617254799471,0.37362637362637363,0.3500642214927929,2.627187172571818,70.66410895618121,"[[20  0  0  0  0  0  0  0  0]
 [ 1  0  0  0  0  0  1  0  0]
 [ 1  0  1  0  5  1  1  3  0]
 [ 0  0  1  0  0  0  2  1  0]
 [ 1  0  1  0  4  1  6  0  0]
 [ 1  0  2  0  0  2  6  2  0]
 [ 1  0  2  0  1  0  4  6  1]
 [ 0  0  0  0  1  1  4  2  2]
 [ 0  0  1  0  0  0  0  0  1]]"
86,87,40.65934065934066,0.3739924913727909,0.4065934065934066,0.34623143687183094,2.645214001337687,72.81944376866068,"[[19  0  0  0  0  0  1  0  0]
 [ 0  0  1  0  1  0  0  0  0]
 [ 0  0  5  0  6  1  0  0  0]
 [ 0  0  0  0  2  1  1  0  0]
 [ 0  0  4  0  8  1  0  0  0]
 [ 1  0  6  0  0  4  2  0  0]
 [ 1  0  9  0  1  2  1  1  0]
 [ 0  0  4  0  1  4  1  0  0]
 [ 0  0  0  0  1  0  1  0  0]]"
87,88,36.26373626373626,0.35889047230199805,0.3626373626373626,0.35522021837811313,2.4192709922790527,71.21900340108547,"[[18  0  1  0  0  0  1  0  0]
 [ 0  0  0  0  1  0  1  0  0]
 [ 1  0  3  0  4  2  2  0  0]
 [ 0  0  2  0  0  0  2  0  0]
 [ 1  0  5  0  3  2  2  0  0]
 [ 1  0  2  0  0  4  6  0  0]
 [ 1  0  4  0  1  2  4  2  1]
 [ 0  0  1  0  1  2  5  1  0]
 [ 0  0  1  0  0  0  1  0  0]]"
88,89,37.362637362637365,0.3493470681856303,0.37362637362637363,0.3280306994592709,2.5737983783086142,72.45251096220487,"[[20  0  0  0  0  0  0  0  0]
 [ 0  0  0  0  1  0  1  0  0]
 [ 1  0  5  0  3  2  0  1  0]
 [ 0  0  2  0  0  1  0  1  0]
 [ 1  0  6  0  4  1  1  0  0]
 [ 1  0  5  1  0  4  2  0  0]
 [ 1  0  6  0  1  2  0  4  1]
 [ 0  0  2  0  1  2  4  1  0]
 [ 0  0  1  0  0  0  1  0  0]]"
89,90,31.86813186813187,0.28884356640589326,0.31868131868131866,0.2641148112272732,4.023093223571777,68.5177841287274,"[[17  0  1  0  0  0  0  2  0]
 [ 0  0  0  0  0  0  2  0  0]
 [ 1  0  0  0  2  0  7  2  0]
 [ 0  0  0  0  0  0  4  0  0]
 [ 1  0  1  0  0  1  7  3  0]
 [ 1  0  1  1  0  1  8  1  0]
 [ 1  0  0  2  0  0 11  0  1]
 [ 0  0  0  1  0  1  6  0  2]
 [ 0  0  0  0  0  0  2  0  0]]"
90,91,37.362637362637365,0.361834395165277,0.37362637362637363,0.3507639742287448,2.893291393915812,70.2090385633546,"[[12  0  4  2  0  0  2  0  0]
 [ 0  0  1  0  0  1  0  0  0]
 [ 0  0  8  0  0  4  0  0  0]
 [ 0  0  2  0  0  1  1  0  0]
 [ 0  0  9  0  0  4  0  0  0]
 [ 1  0  0  0  0 11  1  0  0]
 [ 0  0  6  0  0  5  3  0  1]
 [ 0  0  3  0  0  7  0  0  0]
 [ 0  0  1  0  0  1  0  0  0]]"
91,92,42.857142857142854,0.4677119093417757,0.42857142857142855,0.5147201635573728,2.116662343343099,69.23477992619748,"[[20  0  0  0  0  0  0  0  0]
 [ 1  0  0  0  0  0  1  0  0]
 [ 1  0  3  0  4  0  4  0  0]
 [ 0  0  0  0  0  0  4  0  0]
 [ 1  0  1  0  4  0  7  0  0]
 [ 1  0  1  0  0  2  9  0  0]
 [ 1  0  2  0  1  0  9  1  1]
 [ 0  0  0  0  1  0  8  1  0]
 [ 0  0  1  0  0  0  1  0  0]]"
92,93,45.05494505494506,0.45759746397151047,0.45054945054945056,0.46486948791096255,2.3480374018351235,70.88329499463157,"[[16  0  3  0  0  0  1  0  0]
 [ 0  0  1  0  0  1  0  0  0]
 [ 0  0  8  0  0  2  2  0  0]
 [ 0  0  2  0  0  1  1  0  0]
 [ 0  0 10  0  0  2  1  0  0]
 [ 1  0  1  1  0 10  0  0  0]
 [ 1  0  4  0  0  4  6  0  0]
 [ 0  0  1  0  0  6  2  1  0]
 [ 0  0  1  0  0  0  1  0  0]]"
93,94,34.065934065934066,0.349021776098911,0.34065934065934067,0.3578051021660044,2.568953355153402,68.73386884140919,"[[10  0  6  0  0  0  4  0  0]
 [ 0  0  1  0  0  0  1  0  0]
 [ 0  0  9  0  0  2  1  0  0]
 [ 0  0  2  0  0  1  1  0  0]
 [ 0  0 12  0  0  1  0  0  0]
 [ 1  0  2  1  0  8  1  0  0]
 [ 0  0  6  0  0  4  3  2  0]
 [ 0  0  3  0  0  3  3  1  0]
 [ 0  0  1  0  0  0  1  0  0]]"
94,95,41.75824175824176,0.3978104154720466,0.4175824175824176,0.3798261262546977,2.3560487031936646,71.42287946998684,"[[20  0  0  0  0  0  0  0  0]
 [ 0  0  0  0  1  0  0  1  0]
 [ 1  0  1  0  6  1  0  3  0]
 [ 0  0  0  0  2  1  0  1  0]
 [ 1  0  3  0  8  1  0  0  0]
 [ 1  0  3  1  0  3  3  2  0]
 [ 1  0  2  0  3  0  3  5  1]
 [ 0  0  1  0  1  2  3  2  1]
 [ 0  0  0  0  1  0  0  0  1]]"
95,96,40.65934065934066,0.39561007352514715,0.4065934065934066,0.38520451979098597,2.3926150798797607,72.33468435077206,"[[17  0  2  0  0  0  1  0  0]
 [ 0  0  0  0  1  0  1  0  0]
 [ 0  0  6  0  4  1  0  1  0]
 [ 0  0  2  0  0  1  1  0  0]
 [ 0  0  4  0  8  1  0  0  0]
 [ 1  0  5  0  0  4  2  1  0]
 [ 1  0  5  0  2  1  1  4  1]
 [ 0  0  2  0  1  2  4  1  0]
 [ 0  0  1  0  0  0  1  0  0]]"
96,97,37.362637362637365,0.38846605157466807,0.37362637362637363,0.4045332892082118,2.598573366800944,70.12330981924377,"[[15  0  2  0  0  0  2  1  0]
 [ 0  0  1  0  0  0  1  0  0]
 [ 0  0  5  0  2  2  0  3  0]
 [ 0  0  2  0  0  0  1  0  1]
 [ 0  0  2  0  2  2  1  6  0]
 [ 1  0  2  1  0  6  3  0  0]
 [ 1  0  3  1  1  0  4  4  1]
 [ 0  0  0  0  1  1  6  2  0]
 [ 0  0  1  0  0  0  1  0  0]]"
97,98,35.16483516483517,0.3434704236400929,0.3516483516483517,0.335664222269322,2.7524288495381675,70.85085241180796,"[[19  0  1  0  0  0  0  0  0]
 [ 0  0  1  0  0  0  1  0  0]
 [ 1  0  3  0  3  2  2  1  0]
 [ 0  0  2  0  0  0  1  1  0]
 [ 1  0  4  0  3  1  4  0  0]
 [ 1  0  3  1  0  2  5  1  0]
 [ 1  0  3  0  1  2  3  4  1]
 [ 0  0  1  0  1  2  4  2  0]
 [ 0  0  1  0  0  0  1  0  0]]"
98,99,35.16483516483517,0.3555339449674815,0.3516483516483517,0.35950636664922375,2.479702631632487,68.92059719986379,"[[15  0  3  0  0  0  2  0  0]
 [ 0  0  1  0  0  0  1  0  0]
 [ 0  0  8  0  1  2  0  1  0]
 [ 0  0  2  0  0  1  0  0  1]
 [ 0  0 10  0  1  2  0  0  0]
 [ 0  0  3  1  0  7  2  0  0]
 [ 0  0  5  0  1  4  0  4  1]
 [ 0  0  2  0  1  2  4  1  0]
 [ 0  0  1  0  0  0  1  0  0]]"
99,100,35.16483516483517,0.3143159259999108,0.3516483516483517,0.28414945860000806,2.632012128829956,71.21819107225191,"[[18  0  1  0  1  0  0  0  0]
 [ 0  0  0  0  1  0  0  1  0]
 [ 0  0  0  0  7  1  1  3  0]
 [ 0  0  0  0  2  0  1  1  0]
 [ 0  0  1  0  7  0  1  4  0]
 [ 1  0  3  0  0  0  6  3  0]
 [ 1  0  0  0  4  0  2  8  0]
 [ 0  0  0  0  1  1  3  5  0]
 [ 0  0  0  0  1  0  0  1  0]]"
100,101,38.46153846153846,0.35736148284227715,0.38461538461538464,0.33371443006910984,2.931478977203369,70.29171721831706,"[[18  0  2  0  0  0  0  0  0]
 [ 0  0  1  0  0  1  0  0  0]
 [ 1  0  5  0  2  3  1  0  0]
 [ 0  0  2  0  0  1  1  0  0]
 [ 1  0  8  0  2  2  0  0  0]
 [ 1  0  1  0  0  9  2  0  0]
 [ 0  0  6  0  1  4  1  2  1]
 [ 0  0  3  0  1  5  1  0  0]
 [ 0  0  1  0  0  0  1  0  0]]"
101,102,37.362637362637365,0.332738844139097,0.37362637362637363,0.2999175824175824,2.936859448750814,70.88149890832337,"[[20  0  0  0  0  0  0  0  0]
 [ 1  0  0  0  0  0  1  0  0]
 [ 1  0  6  1  3  0  1  0  0]
 [ 1  0  2  0  0  1  0  0  0]
 [ 4  0  4  0  4  1  0  0  0]
 [ 2  0  4  0  0  1  6  0  0]
 [ 2  0  6  0  1  0  3  1  2]
 [ 1  0  2  0  0  2  5  0  0]
 [ 0  0  1  0  0  0  0  1  0]]"
102,103,34.065934065934066,0.3440043699089281,0.34065934065934067,0.34741574215258425,2.361614545186361,70.09289998085258,"[[16  0  1  0  0  0  3  0  0]
 [ 0  0  0  0  0  0  2  0  0]
 [ 0  0  3  0  3  1  4  1  0]
 [ 0  0  1  0  0  0  3  0  0]
 [ 1  0  3  0  1  0  7  1  0]
 [ 1  0  1  0  0  1 10  0  0]
 [ 1  0  1  0  1  0  9  2  1]
 [ 0  0  0  0  1  1  6  1  1]
 [ 0  0  1  0  0  0  1  0  0]]"
103,104,37.362637362637365,0.370466406947569,0.37362637362637363,0.3673594431955853,2.1888527075449624,70.44618371743705,"[[16  0  1  0  2  0  1  0  0]
 [ 0  0  0  0  1  0  1  0  0]
 [ 0  0  4  0  7  0  1  0  0]
 [ 0  0  0  0  2  0  1  0  1]
 [ 0  0  2  0 10  0  1  0  0]
 [ 1  0  4  0  0  1  7  0  0]
 [ 1  0  6  0  4  0  3  1  0]
 [ 0  0  2  0  2  1  5  0  0]
 [ 0  0  0  0  1  0  1  0  0]]"
104,105,37.362637362637365,0.32540253217419574,0.37362637362637363,0.28820411539305546,2.481940746307373,72.05670035780835,"[[19  0  0  0  1  0  0  0  0]
 [ 0  0  1  0  1  0  0  0  0]
 [ 0  0  4  0  7  1  0  0  0]
 [ 1  0  0  0  2  1  0  0  0]
 [ 1  0  2  0  9  1  0  0  0]
 [ 2  0  7  0  0  2  2  0  0]
 [ 1  0  6  0  7  0  0  0  1]
 [ 0  0  1  0  3  1  5  0  0]
 [ 0  0  0  0  1  0  1  0  0]]"
105,106,37.362637362637365,0.34699610791652613,0.37362637362637363,0.3239094239094239,2.3368157545725503,71.3187002949398,"[[19  0  1  0  0  0  0  0  0]
 [ 0  0  0  0  1  0  0  1  0]
 [ 1  0  3  0  6  1  0  1  0]
 [ 0  0  0  0  2  1  0  1  0]
 [ 2  0  2  0  8  1  0  0  0]
 [ 1  0  4  0  0  2  4  2  0]
 [ 1  0  4  0  4  0  1  4  1]
 [ 0  0  1  0  2  1  4  1  1]
 [ 0  0  0  0  1  0  0  1  0]]"
106,107,34.065934065934066,0.3470088819601177,0.34065934065934067,0.35359961675751145,2.370250384012858,70.30542499495074,"[[17  0  1  0  0  0  2  0  0]
 [ 0  0  1  0  0  0  1  0  0]
 [ 0  0  5  0  2  2  0  3  0]
 [ 0  0  2  0  0  1  0  0  1]
 [ 1  0  8  0  2  1  1  0  0]
 [ 1  0  2  1  0  4  4  1  0]
 [ 0  0  6  0  1  2  1  4  1]
 [ 0  0  1  0  1  1  5  2  0]
 [ 0  0  1  0  0  0  1  0  0]]"
107,108,37.362637362637365,0.3569824952313431,0.37362637362637363,0.34175824175824177,3.1221326986948648,70.18933132947635,"[[18  0  1  0  0  0  1  0  0]
 [ 0  0  1  0  0  1  0  0  0]
 [ 0  0  9  0  1  2  0  0  0]
 [ 0  0  2  0  0  1  1  0  0]
 [ 0  0 10  0  1  2  0  0  0]
 [ 1  0  4  0  0  6  2  0  0]
 [ 1  0  8  0  0  4  0  1  1]
 [ 0  0  4  0  0  4  2  0  0]
 [ 0  0  1  0  0  0  1  0  0]]"
108,109,41.75824175824176,0.3893752154074057,0.4175824175824176,0.36473761745500877,2.4998090267181396,72.83756481380604,"[[20  0  0  0  0  0  0  0  0]
 [ 0  0  0  0  1  0  1  0  0]
 [ 1  0  4  0  5  1  0  1  0]
 [ 0  0  2  0  0  1  1  0  0]
 [ 1  0  4  0  7  1  0  0  0]
 [ 1  0  5  0  0  5  1  1  0]
 [ 1  0  5  0  2  2  1  3  1]
 [ 0  0  2  0  1  2  4  1  0]
 [ 0  0  1  0  0  0  1  0  0]]"
109,110,41.75824175824176,0.4245122011558447,0.4175824175824176,0.43167586561251714,2.6413142681121826,69.84508802590918,"[[16  0  1  0  2  0  1  0  0]
 [ 0  0  0  0  1  0  0  1  0]
 [ 0  0  1  0  7  1  0  3  0]
 [ 0  0  0  0  2  0  1  1  0]
 [ 0  0  1  0 11  0  1  0  0]
 [ 1  0  5  1  0  2  0  4  0]
 [ 0  0  1  0  4  0  1  9  0]
 [ 0  0  0  0  2  0  1  7  0]
 [ 0  0  0  0  1  0  0  1  0]]"
110,111,32.967032967032964,0.3315434565434565,0.32967032967032966,0.3334379905808477,4.23818842569987,64.05874900421892,"[[10  0  0  0  0  0 10  0  0]
 [ 0  0  1  0  0  1  0  0  0]
 [ 0  0  6  0  0  6  0  0  0]
 [ 0  0  2  0  0  1  1  0  0]
 [ 0  0  4  0  0  6  3  0  0]
 [ 0  0  0  0  0  9  4  0  0]
 [ 0  0  2  0  0  8  5  0  0]
 [ 0  0  1  0  0  3  6  0  0]
 [ 0  0  0  0  0  1  1  0  0]]"
111,112,29.67032967032967,0.292433606529106,0.2967032967032967,0.28828505848380015,2.270012458165487,70.66498511912438,"[[17  0  1  0  1  0  1  0  0]
 [ 0  0  0  0  1  0  1  0  0]
 [ 0  0  1  0  6  0  3  2  0]
 [ 0  0  0  0  2  0  2  0  0]
 [ 0  0  8  0  3  0  2  0  0]
 [ 1  0  3  0  0  0  9  0  0]
 [ 0  0  5  0  2  0  5  2  1]
 [ 0  0  1  0  1  0  7  1  0]
 [ 0  0  0  0  1  0  1  0  0]]"
112,113,37.362637362637365,0.3413704256047326,0.37362637362637363,0.3142413142413143,2.4096226692199707,70.66333636077903,"[[18  0  1  0  1  0  0  0  0]
 [ 0  0  0  0  1  1  0  0  0]
 [ 0  0  5  0  5  2  0  0  0]
 [ 0  0  2  0  0  1  1  0  0]
 [ 0  0  9  0  3  1  0  0  0]
 [ 1  0  3  0  0  8  1  0  0]
 [ 1  0  9  0  2  2  0  0  1]
 [ 0  0  3  0  1  3  3  0  0]
 [ 0  0  1  0  0  0  1  0  0]]"
113,114,38.46153846153846,0.38033642447284616,0.38461538461538464,0.3761516261516262,2.409001588821411,69.92963862904837,"[[17  0  1  0  1  0  0  1  0]
 [ 0  0  0  0  1  0  0  1  0]
 [ 0  0  2  0  7  2  0  1  0]
 [ 0  0  0  0  2  1  1  0  0]
 [ 0  0  4  0  8  1  0  0  0]
 [ 1  0  4  1  0  5  2  0  0]
 [ 0  0  8  0  3  0  3  1  0]
 [ 0  0  3  0  1  3  3  0  0]
 [ 0  0  0  0  1  0  1  0  0]]"
114,115,36.26373626373626,0.3571814344131295,0.3626373626373626,0.351887243191591,2.57668407758077,70.17642646942538,"[[19  0  1  0  0  0  0  0  0]
 [ 0  0  0  0  1  0  1  0  0]
 [ 1  0  1  0  5  1  1  3  0]
 [ 0  0  2  0  0  1  0  1  0]
 [ 1  0  4  0  4  1  1  2  0]
 [ 1  0  2  1  0  3  6  0  0]
 [ 1  0  2  0  2  0  4  6  0]
 [ 0  0  0  0  1  0  7  2  0]
 [ 0  0  0  0  1  0  1  0  0]]"
115,116,41.75824175824176,0.40703403783886344,0.4175824175824176,0.397005444646098,2.9515843391418457,71.50965006598862,"[[17  0  2  0  0  0  1  0  0]
 [ 0  0  1  0  0  0  1  0  0]
 [ 0  0  6  0  3  2  0  1  0]
 [ 0  0  2  0  0  1  1  0  0]
 [ 0  0  5  0  7  1  0  0  0]
 [ 1  0  4  1  0  6  1  0  0]
 [ 1  0  6  0  2  2  1  3  0]
 [ 0  0  2  0  1  4  2  1  0]
 [ 0  0  1  0  0  0  1  0  0]]"
116,117,39.56043956043956,0.4078771248845791,0.3956043956043956,0.4209357004551512,3.3827997048695884,68.3915991896153,"[[16  0  1  0  0  0  2  1  0]
 [ 0  0  0  0  0  0  2  0  0]
 [ 0  0  2  0  2  1  6  1  0]
 [ 0  0  0  0  0  0  3  0  1]
 [ 1  0  1  0  1  1  6  3  0]
 [ 1  0  1  1  0  3  7  0  0]
 [ 1  0  0  0  0  0 12  2  0]
 [ 0  0  0  0  0  1  7  1  1]
 [ 0  0  0  0  0  0  1  0  1]]"
117,118,36.26373626373626,0.3671086408730939,0.3626373626373626,0.37169155630694095,2.731861114501953,68.98220731935534,"[[16  0  2  0  0  0  1  1  0]
 [ 0  0  1  0  0  0  1  0  0]
 [ 0  0  4  0  3  2  0  3  0]
 [ 0  0  2  0  0  1  1  0  0]
 [ 0  0  9  0  3  1  0  0  0]
 [ 1  0  3  1  0  6  1  1  0]
 [ 1  0  3  0  2  2  2  5  0]
 [ 0  0  1  0  1  3  3  2  0]
 [ 0  0  1  0  0  0  1  0  0]]"
118,119,40.65934065934066,0.3972591220184407,0.4065934065934066,0.3883437990580847,2.8982110818227134,70.86670351412164,"[[19  0  1  0  0  0  0  0  0]
 [ 0  0  0  0  1  0  0  1  0]
 [ 0  0  2  0  7  1  0  2  0]
 [ 0  0  0  0  2  1  0  1  0]
 [ 0  0  3  0  9  1  0  0  0]
 [ 1  0  6  1  0  3  1  1  0]
 [ 1  1  3  0  5  0  2  2  1]
 [ 0  0  1  0  2  2  4  1  0]
 [ 0  0  0  0  1  0  0  0  1]]"
119,120,37.362637362637365,0.37351868083251677,0.37362637362637363,0.37341105010277936,2.6501989364624023,69.06961478627417,"[[18  0  2  0  0  0  0  0  0]
 [ 0  0  1  0  0  0  1  0  0]
 [ 0  0  5  0  2  1  1  3  0]
 [ 0  0  2  0  0  1  0  0  1]
 [ 1  0  7  0  2  1  1  1  0]
 [ 1  0  2  1  0  3  5  1  0]
 [ 1  0  2  0  2  0  4  5  1]
 [ 0  0  0  0  1  1  6  2  0]
 [ 0  0  1  0  0  0  1  0  0]]"
120,120,87.53462603878117,0.8798301072586231,0.8753462603878116,0.8843601264809997,0.37842876960833866,98.87866022780665,"[[76  0  1  0  0  0  0  0  0]
 [ 0  2  2  0  5  0  0  1  0]
 [ 0  0 58  0  1  0  1  1  0]
 [ 0  0  0  5  0  0  5  0  0]
 [ 0  0  1  0 55  0  0  0  0]
 [ 0  0  0  0  0 41  4  1  0]
 [ 0  0  2  0  0  0 49  6  1]
 [ 0  0  0  1  0  0 10 25  0]
 [ 0  0  0  0  0  0  1  1  5]]"
